-- Insert sample users (these will be created via auth, but we need the IDs for profiles)
-- Sample profiles for different user types
INSERT INTO public.profiles (id, user_id, display_name, bio, location, user_type, profile_picture, website, social_links, skills, hourly_rate, verification_status, created_at) VALUES
('550e8400-e29b-41d4-a716-446655440001', '550e8400-e29b-41d4-a716-446655440001', 'Arjun Mehta', 'Professional vocalist specializing in Indian classical and Bollywood music', 'Mumbai, Maharashtra', 'artist', 'https://images.unsplash.com/photo-1507003211169-0a1dd7228f2d', 'https://arjunmehta.music', '{"instagram": "@arjunmehta_music", "youtube": "ArjunMehtaMusic"}', '["Vocals", "Indian Classical", "Bollywood", "Harmonium"]', 2500, 'verified', now() - interval '30 days'),
('550e8400-e29b-41d4-a716-446655440002', '550e8400-e29b-41d4-a716-446655440002', 'Priya Sharma', 'Session guitarist and music producer with 10+ years experience', 'Bangalore, Karnataka', 'artist', 'https://images.unsplash.com/photo-1494790108755-2616b612b786', 'https://priyasharma.studio', '{"instagram": "@priya_guitar", "spotify": "PriyaSharmaMusic"}', '["Guitar", "Music Production", "Mixing", "Recording"]', 3000, 'verified', now() - interval '25 days'),
('550e8400-e29b-41d4-a716-446655440003', '550e8400-e29b-41d4-a716-446655440003', 'Sonic Wave Studios', 'Premium recording studio with state-of-the-art equipment', 'Delhi', 'studio', 'https://images.unsplash.com/photo-1598488035139-bdbb2231ce04', 'https://sonicwavestudios.com', '{"instagram": "@sonicwavestudios", "facebook": "SonicWaveStudiosDelhi"}', '["Recording", "Mixing", "Mastering", "Live Sessions"]', 5000, 'verified', now() - interval '60 days'),
('550e8400-e29b-41d4-a716-446655440004', '550e8400-e29b-41d4-a716-446655440004', 'Rhythm Academy', 'Learn music from industry professionals', 'Chennai, Tamil Nadu', 'school', 'https://images.unsplash.com/photo-1571019613454-1cb2f99b2d8b', 'https://rhythmacademy.edu', '{"website": "rhythmacademy.edu", "phone": "+91-9876543210"}', '["Piano", "Guitar", "Vocals", "Music Theory", "Western Classical"]', 1500, 'verified', now() - interval '90 days'),
('550e8400-e29b-41d4-a716-446655440005', '550e8400-e29b-41d4-a716-446655440005', 'Indie Beats Records', 'Independent record label supporting emerging artists', 'Mumbai, Maharashtra', 'label', 'https://images.unsplash.com/photo-1493225457124-a3eb161ffa5f', 'https://indiebeatsrecords.com', '{"instagram": "@indiebeatsrecords", "twitter": "@IndieBeatsRec"}', '["A&R", "Distribution", "Marketing", "Artist Development"]', NULL, 'verified', now() - interval '45 days'),
('550e8400-e29b-41d4-a716-446655440006', '550e8400-e29b-41d4-a716-446655440006', 'Rajesh Kumar', 'Tabla maestro and percussionist', 'Jaipur, Rajasthan', 'artist', 'https://images.unsplash.com/photo-1472099645785-5658abf4ff4e', NULL, '{"instagram": "@rajesh_tabla"}', '["Tabla", "Percussion", "Indian Classical", "Folk Music"]', 2000, 'pending', now() - interval '5 days'),
('550e8400-e29b-41d4-a716-446655440007', '550e8400-e29b-41d4-a716-446655440007', 'Maya Patel', 'Contemporary dancer and choreographer', 'Ahmedabad, Gujarat', 'artist', 'https://images.unsplash.com/photo-1438761681033-6461ffad8d80', 'https://mayapatel.dance', '{"instagram": "@maya_choreographer", "youtube": "MayaPatelDance"}', '["Contemporary Dance", "Choreography", "Bollywood Dance", "Hip Hop"]', 2200, 'pending', now() - interval '3 days');

-- Insert sample content (posts)
INSERT INTO public.content (id, user_id, title, content_text, media_urls, content_type, tags, likes_count, shares_count, created_at) VALUES
('650e8400-e29b-41d4-a716-446655440001', '550e8400-e29b-41d4-a716-446655440001', 'New Bollywood Cover Release', 'Just dropped my latest cover of "Tum Hi Ho" with a classical twist! What do you think?', '["https://example.com/audio/tum-hi-ho-cover.mp3"]', 'audio', '["bollywood", "classical", "cover"]', 45, 12, now() - interval '2 days'),
('650e8400-e29b-41d4-a716-446655440002', '550e8400-e29b-41d4-a716-446655440002', 'Studio Session Highlights', 'Behind the scenes from yesterdays recording session. The energy was incredible!', '["https://example.com/video/studio-session.mp4"]', 'video', '["studio", "recording", "behind-the-scenes"]', 78, 23, now() - interval '1 day'),
('650e8400-e29b-41d4-a716-446655440003', '550e8400-e29b-41d4-a716-446655440003', 'Studio Equipment Upgrade', 'Excited to announce our new Neumann U87 microphones are now available for all sessions!', '["https://example.com/image/neumann-u87.jpg"]', 'image', '["equipment", "studio", "upgrade"]', 34, 8, now() - interval '3 days'),
('650e8400-e29b-41d4-a716-446655440004', '550e8400-e29b-41d4-a716-446655440004', 'Student Showcase Performance', 'Our advanced students performing at last weeks recital. So proud of their progress!', '["https://example.com/video/recital-2024.mp4"]', 'video', '["students", "performance", "recital"]', 56, 15, now() - interval '4 days'),
('650e8400-e29b-41d4-a716-446655440005', '550e8400-e29b-41d4-a716-446655440005', 'New Artist Signing Announcement', 'Welcome to the Indie Beats family, @newartist! Cant wait to share their amazing music with the world.', '[]', 'text', '["signing", "new-artist", "announcement"]', 92, 28, now() - interval '5 days');

-- Insert sample gigs
INSERT INTO public.gigs (id, organizer_id, title, description, location, date_time, duration_hours, budget_min, budget_max, requirements, status, tags, applicants_count, created_at) VALUES
('750e8400-e29b-41d4-a716-446655440001', '550e8400-e29b-41d4-a716-446655440005', 'Wedding Reception Performance', 'Looking for a classical vocalist for an intimate wedding reception in Mumbai. Traditional Indian songs preferred.', 'Four Seasons Hotel, Mumbai', '2024-08-15 18:00:00', 3, 15000, 25000, '["Professional attire", "Own instruments", "Classical training"]', 'open', '["wedding", "classical", "vocals"]', 8, now() - interval '7 days'),
('750e8400-e29b-41d4-a716-446655440002', '550e8400-e29b-41d4-a716-446655440003', 'Album Recording Session', 'Need session musicians for upcoming album. Guitar, bass, and drums required.', 'Sonic Wave Studios, Delhi', '2024-08-20 10:00:00', 8, 30000, 45000, '["Studio experience", "Own instruments", "Flexibility with timing"]', 'open', '["recording", "session", "album"]', 12, now() - interval '5 days'),
('750e8400-e29b-41d4-a716-446655440003', '550e8400-e29b-41d4-a716-446655440001', 'Corporate Event Entertainment', 'Annual company celebration needs live music performance. Mix of popular and classical songs.', 'Taj Palace, New Delhi', '2024-08-25 19:30:00', 2, 20000, 30000, '["Interactive performance", "Diverse repertoire", "Professional setup"]', 'open', '["corporate", "live-music", "entertainment"]', 5, now() - interval '3 days'),
('750e8400-e29b-41d4-a716-446655440004', '550e8400-e29b-41d4-a716-446655440004', 'Music Video Shoot', 'Looking for musicians and dancers for an upcoming music video. Great exposure opportunity!', 'Film City, Mumbai', '2024-09-01 09:00:00', 12, 10000, 20000, '["Camera comfortable", "Own costumes", "Availability for retakes"]', 'in_progress', '["music-video", "collaboration", "exposure"]', 15, now() - interval '10 days');

-- Insert sample collaborations
INSERT INTO public.collaborations (id, creator_id, title, description, collaboration_type, genres, looking_for_roles, status, tags, participants_count, created_at) VALUES
('850e8400-e29b-41d4-a716-446655440001', '550e8400-e29b-41d4-a716-446655440001', 'Indo-Fusion Album Project', 'Creating an album that blends Indian classical with contemporary genres. Looking for instrumentalists and producers.', 'album', '["fusion", "classical", "contemporary"]', '["Producer", "Guitarist", "Violinist", "Mixing Engineer"]', 'active', '["fusion", "album", "collaboration"]', 3, now() - interval '12 days'),
('850e8400-e29b-41d4-a716-446655440002', '550e8400-e29b-41d4-a716-446655440002', 'Monthly Jam Sessions', 'Regular jam sessions for musicians to collaborate and network. All levels welcome!', 'jam_session', '["rock", "blues", "jazz"]', '["Musicians", "Vocalists", "Sound Engineer"]', 'active', '["jam", "networking", "regular"]', 8, now() - interval '8 days'),
('850e8400-e29b-41d4-a716-446655440003', '550e8400-e29b-41d4-a716-446655440003', 'Podcast Music Series', 'Creating background music for a popular podcast series. Need composers and sound designers.', 'project', '["ambient", "cinematic", "electronic"]', '["Composer", "Sound Designer", "Audio Engineer"]', 'active', '["podcast", "background-music", "series"]', 2, now() - interval '6 days');

-- Insert sample bookings
INSERT INTO public.bookings (id, client_id, provider_id, booking_type, service_details, scheduled_date, duration_hours, total_amount, status, notes, created_at) VALUES
('950e8400-e29b-41d4-a716-446655440001', '550e8400-e29b-41d4-a716-446655440005', '550e8400-e29b-41d4-a716-446655440001', 'performance', 'Live performance at wedding reception', '2024-08-15 18:00:00', 3, 20000, 'confirmed', 'Traditional songs requested, includes sound system', now() - interval '15 days'),
('950e8400-e29b-41d4-a716-446655440002', '550e8400-e29b-41d4-a716-446655440001', '550e8400-e29b-41d4-a716-446655440003', 'studio_session', 'Album recording session with mixing', '2024-08-20 10:00:00', 8, 40000, 'confirmed', 'Full day session with engineer included', now() - interval '12 days'),
('950e8400-e29b-41d4-a716-446655440003', '550e8400-e29b-41d4-a716-446655440002', '550e8400-e29b-41d4-a716-446655440004', 'lesson', 'Guitar lessons - advanced level', '2024-08-18 14:00:00', 2, 3000, 'completed', 'Focus on fingerstyle techniques', now() - interval '18 days'),
('950e8400-e29b-41d4-a716-446655440004', '550e8400-e29b-41d4-a716-446655440003', '550e8400-e29b-41d4-a716-446655440002', 'collaboration', 'Music production consultation', '2024-08-22 16:00:00', 3, 9000, 'confirmed', 'Album mixing and mastering guidance', now() - interval '8 days'),
('950e8400-e29b-41d4-a716-446655440005', '550e8400-e29b-41d4-a716-446655440004', '550e8400-e29b-41d4-a716-446655440001', 'performance', 'Private singing lesson and performance coaching', '2024-08-25 11:00:00', 2, 5000, 'pending', 'Preparing for upcoming audition', now() - interval '5 days');

-- Insert sample reviews
INSERT INTO public.reviews (id, reviewer_id, reviewed_id, booking_id, rating, review_text, created_at) VALUES
('a50e8400-e29b-41d4-a716-446655440001', '550e8400-e29b-41d4-a716-446655440005', '550e8400-e29b-41d4-a716-446655440001', '950e8400-e29b-41d4-a716-446655440001', 5, 'Arjun delivered an absolutely stunning performance! His voice was mesmerizing and perfectly suited for our wedding. Highly recommended!', now() - interval '10 days'),
('a50e8400-e29b-41d4-a716-446655440002', '550e8400-e29b-41d4-a716-446655440001', '550e8400-e29b-41d4-a716-446655440003', '950e8400-e29b-41d4-a716-446655440002', 5, 'Sonic Wave Studios exceeded our expectations. Professional setup, great acoustics, and the team was incredibly helpful throughout the session.', now() - interval '8 days'),
('a50e8400-e29b-41d4-a716-446655440003', '550e8400-e29b-41d4-a716-446655440002', '550e8400-e29b-41d4-a716-446655440004', '950e8400-e29b-41d4-a716-446655440003', 4, 'Great learning experience at Rhythm Academy. The instructor was patient and knowledgeable. Could use more practical exercises.', now() - interval '15 days'),
('a50e8400-e29b-41d4-a716-446655440004', '550e8400-e29b-41d4-a716-446655440003', '550e8400-e29b-41d4-a716-446655440002', '950e8400-e29b-41d4-a716-446655440004', 5, 'Priya is an excellent producer! Her insights on mixing and arrangement were invaluable. Will definitely work with her again.', now() - interval '6 days');

-- Insert sample messages
INSERT INTO public.messages (id, sender_id, recipient_id, content, message_type, is_read, created_at) VALUES
('b50e8400-e29b-41d4-a716-446655440001', '550e8400-e29b-41d4-a716-446655440001', '550e8400-e29b-41d4-a716-446655440002', 'Hi Priya! I loved your latest guitar work. Would you be interested in collaborating on my upcoming album?', 'text', true, now() - interval '2 days'),
('b50e8400-e29b-41d4-a716-446655440002', '550e8400-e29b-41d4-a716-446655440002', '550e8400-e29b-41d4-a716-446655440001', 'Absolutely! Your vocal style would be perfect for what I have in mind. Lets schedule a call to discuss.', 'text', true, now() - interval '2 days'),
('b50e8400-e29b-41d4-a716-446655440003', '550e8400-e29b-41d4-a716-446655440003', '550e8400-e29b-41d4-a716-446655440001', 'Thank you for booking our studio! We have confirmed your session for August 20th. Looking forward to working with you.', 'booking_confirmation', true, now() - interval '12 days'),
('b50e8400-e29b-41d4-a716-446655440004', '550e8400-e29b-41d4-a716-446655440005', '550e8400-e29b-41d4-a716-446655440006', 'We would love to discuss a potential record deal. Your tabla skills are exactly what were looking for our world music project.', 'text', false, now() - interval '1 day'),
('b50e8400-e29b-41d4-a716-446655440005', '550e8400-e29b-41d4-a716-446655440004', '550e8400-e29b-41d4-a716-446655440007', 'Hi Maya! We have an opening for a choreography instructor. Would you be interested in teaching at our academy?', 'text', false, now() - interval '6 hours');

-- Insert sample reports
INSERT INTO public.reports (id, reporter_id, reported_id, report_type, reason, description, status, created_at) VALUES
('c50e8400-e29b-41d4-a716-446655440001', '550e8400-e29b-41d4-a716-446655440002', '550e8400-e29b-41d4-a716-446655440006', 'profile', 'fake_profile', 'This profile seems to be using stolen photos and false credentials.', 'pending', now() - interval '3 days'),
('c50e8400-e29b-41d4-a716-446655440002', '550e8400-e29b-41d4-a716-446655440001', '650e8400-e29b-41d4-a716-446655440005', 'content', 'spam', 'This post is being shared repeatedly across multiple accounts.', 'under_review', now() - interval '1 day'),
('c50e8400-e29b-41d4-a716-446655440003', '550e8400-e29b-41d4-a716-446655440003', 'b50e8400-e29b-41d4-a716-446655440004', 'message', 'harassment', 'Receiving unwanted messages despite asking to stop contact.', 'pending', now() - interval '5 days');

-- Insert sample marketplace listings
INSERT INTO public.marketplace_listings (id, seller_id, title, description, category, price, condition_type, images, location, status, tags, views_count, created_at) VALUES
('d50e8400-e29b-41d4-a716-446655440001', '550e8400-e29b-41d4-a716-446655440002', 'Fender Stratocaster Electric Guitar', 'Excellent condition Fender Stratocaster. Perfect for studio recordings and live performances.', 'instrument', 75000, 'excellent', '["https://images.unsplash.com/photo-1564186763535-ebb21ef5277f"]', 'Bangalore, Karnataka', 'active', '["guitar", "fender", "electric"]', 45, now() - interval '5 days'),
('d50e8400-e29b-41d4-a716-446655440002', '550e8400-e29b-41d4-a716-446655440003', 'Audio-Technica AT2020 Microphone', 'Professional studio condenser microphone. Barely used, comes with original packaging.', 'equipment', 12000, 'like_new', '["https://images.unsplash.com/photo-1583394838336-acd977736f90"]', 'Delhi', 'active', '["microphone", "studio", "audio-technica"]', 23, now() - interval '8 days'),
('d50e8400-e29b-41d4-a716-446655440003', '550e8400-e29b-41d4-a716-446655440001', 'Tabla Set - Professional Grade', 'Handcrafted tabla set made by renowned tabla maker. Rich, resonant sound quality.', 'instrument', 35000, 'good', '["https://images.unsplash.com/photo-1578662996442-48f60103fc96"]', 'Mumbai, Maharashtra', 'active', '["tabla", "percussion", "indian-classical"]', 67, now() - interval '12 days'),
('d50e8400-e29b-41d4-a716-446655440004', '550e8400-e29b-41d4-a716-446655440004', 'Yamaha P-125 Digital Piano', 'Excellent digital piano for students and professionals. 88 weighted keys, great touch response.', 'instrument', 45000, 'excellent', '["https://images.unsplash.com/photo-1520523839897-bd0b52f945a0"]', 'Chennai, Tamil Nadu', 'sold', '["piano", "yamaha", "digital"]', 89, now() - interval '20 days');