-- Insert sample users (these will be created via auth, but we need the IDs for profiles)
-- Sample profiles for different user types
INSERT INTO public.profiles (id, user_id, full_name, bio, location, user_type, avatar_url, website, social_media, skills, hourly_rate, verified, created_at) VALUES
('550e8400-e29b-41d4-a716-446655440001', '550e8400-e29b-41d4-a716-446655440001', 'Arjun Mehta', 'Professional vocalist specializing in Indian classical and Bollywood music', 'Mumbai, Maharashtra', 'artist', 'https://images.unsplash.com/photo-1507003211169-0a1dd7228f2d', 'https://arjunmehta.music', '{"instagram": "@arjunmehta_music", "youtube": "ArjunMehtaMusic"}', '["Vocals", "Indian Classical", "Bollywood", "Harmonium"]', 2500, true, now() - interval '30 days'),
('550e8400-e29b-41d4-a716-446655440002', '550e8400-e29b-41d4-a716-446655440002', 'Priya Sharma', 'Session guitarist and music producer with 10+ years experience', 'Bangalore, Karnataka', 'artist', 'https://images.unsplash.com/photo-1494790108755-2616b612b786', 'https://priyasharma.studio', '{"instagram": "@priya_guitar", "spotify": "PriyaSharmaMusic"}', '["Guitar", "Music Production", "Mixing", "Recording"]', 3000, true, now() - interval '25 days'),
('550e8400-e29b-41d4-a716-446655440003', '550e8400-e29b-41d4-a716-446655440003', 'Sonic Wave Studios', 'Premium recording studio with state-of-the-art equipment', 'Delhi', 'studio', 'https://images.unsplash.com/photo-1598488035139-bdbb2231ce04', 'https://sonicwavestudios.com', '{"instagram": "@sonicwavestudios", "facebook": "SonicWaveStudiosDelhi"}', '["Recording", "Mixing", "Mastering", "Live Sessions"]', 5000, true, now() - interval '60 days'),
('550e8400-e29b-41d4-a716-446655440004', '550e8400-e29b-41d4-a716-446655440004', 'Rhythm Academy', 'Learn music from industry professionals', 'Chennai, Tamil Nadu', 'school', 'https://images.unsplash.com/photo-1571019613454-1cb2f99b2d8b', 'https://rhythmacademy.edu', '{"website": "rhythmacademy.edu", "phone": "+91-9876543210"}', '["Piano", "Guitar", "Vocals", "Music Theory", "Western Classical"]', 1500, true, now() - interval '90 days'),
('550e8400-e29b-41d4-a716-446655440005', '550e8400-e29b-41d4-a716-446655440005', 'Indie Beats Records', 'Independent record label supporting emerging artists', 'Mumbai, Maharashtra', 'label', 'https://images.unsplash.com/photo-1493225457124-a3eb161ffa5f', 'https://indiebeatsrecords.com', '{"instagram": "@indiebeatsrecords", "twitter": "@IndieBeatsRec"}', '["A&R", "Distribution", "Marketing", "Artist Development"]', NULL, true, now() - interval '45 days'),
('550e8400-e29b-41d4-a716-446655440006', '550e8400-e29b-41d4-a716-446655440006', 'Rajesh Kumar', 'Tabla maestro and percussionist', 'Jaipur, Rajasthan', 'artist', 'https://images.unsplash.com/photo-1472099645785-5658abf4ff4e', NULL, '{"instagram": "@rajesh_tabla"}', '["Tabla", "Percussion", "Indian Classical", "Folk Music"]', 2000, false, now() - interval '5 days'),
('550e8400-e29b-41d4-a716-446655440007', '550e8400-e29b-41d4-a716-446655440007', 'Maya Patel', 'Contemporary dancer and choreographer', 'Ahmedabad, Gujarat', 'artist', 'https://images.unsplash.com/photo-1438761681033-6461ffad8d80', 'https://mayapatel.dance', '{"instagram": "@maya_choreographer", "youtube": "MayaPatelDance"}', '["Contemporary Dance", "Choreography", "Bollywood Dance", "Hip Hop"]', 2200, false, now() - interval '3 days');

-- Insert sample bookings
INSERT INTO public.bookings (id, client_id, provider_id, booking_type, title, description, start_datetime, end_datetime, provider_type, total_amount, status, notes, created_at) VALUES
('950e8400-e29b-41d4-a716-446655440001', '550e8400-e29b-41d4-a716-446655440005', '550e8400-e29b-41d4-a716-446655440001', 'performance', 'Live performance at wedding reception', 'Wedding reception performance with traditional songs', '2024-08-15 18:00:00', '2024-08-15 21:00:00', 'artist', 20000, 'confirmed', 'Traditional songs requested, includes sound system', now() - interval '15 days'),
('950e8400-e29b-41d4-a716-446655440002', '550e8400-e29b-41d4-a716-446655440001', '550e8400-e29b-41d4-a716-446655440003', 'studio_session', 'Album recording session with mixing', 'Full day album recording with professional mixing', '2024-08-20 10:00:00', '2024-08-20 18:00:00', 'studio', 40000, 'confirmed', 'Full day session with engineer included', now() - interval '12 days'),
('950e8400-e29b-41d4-a716-446655440003', '550e8400-e29b-41d4-a716-446655440002', '550e8400-e29b-41d4-a716-446655440004', 'lesson', 'Guitar lessons - advanced level', 'Advanced guitar techniques and music theory', '2024-08-18 14:00:00', '2024-08-18 16:00:00', 'school', 3000, 'completed', 'Focus on fingerstyle techniques', now() - interval '18 days'),
('950e8400-e29b-41d4-a716-446655440004', '550e8400-e29b-41d4-a716-446655440003', '550e8400-e29b-41d4-a716-446655440002', 'collaboration', 'Music production consultation', 'Professional guidance on album production', '2024-08-22 16:00:00', '2024-08-22 19:00:00', 'artist', 9000, 'confirmed', 'Album mixing and mastering guidance', now() - interval '8 days'),
('950e8400-e29b-41d4-a716-446655440005', '550e8400-e29b-41d4-a716-446655440004', '550e8400-e29b-41d4-a716-446655440001', 'performance', 'Private singing lesson and performance coaching', 'One-on-one vocal coaching session', '2024-08-25 11:00:00', '2024-08-25 13:00:00', 'artist', 5000, 'pending', 'Preparing for upcoming audition', now() - interval '5 days');

-- Insert sample reviews
INSERT INTO public.reviews (id, reviewer_id, reviewee_id, booking_id, rating, title, content, created_at) VALUES
('a50e8400-e29b-41d4-a716-446655440001', '550e8400-e29b-41d4-a716-446655440005', '550e8400-e29b-41d4-a716-446655440001', '950e8400-e29b-41d4-a716-446655440001', 5, 'Outstanding Wedding Performance', 'Arjun delivered an absolutely stunning performance! His voice was mesmerizing and perfectly suited for our wedding. Highly recommended!', now() - interval '10 days'),
('a50e8400-e29b-41d4-a716-446655440002', '550e8400-e29b-41d4-a716-446655440001', '550e8400-e29b-41d4-a716-446655440003', '950e8400-e29b-41d4-a716-446655440002', 5, 'Excellent Studio Experience', 'Sonic Wave Studios exceeded our expectations. Professional setup, great acoustics, and the team was incredibly helpful throughout the session.', now() - interval '8 days'),
('a50e8400-e29b-41d4-a716-446655440003', '550e8400-e29b-41d4-a716-446655440002', '550e8400-e29b-41d4-a716-446655440004', '950e8400-e29b-41d4-a716-446655440003', 4, 'Good Learning Experience', 'Great learning experience at Rhythm Academy. The instructor was patient and knowledgeable. Could use more practical exercises.', now() - interval '15 days'),
('a50e8400-e29b-41d4-a716-446655440004', '550e8400-e29b-41d4-a716-446655440003', '550e8400-e29b-41d4-a716-446655440002', '950e8400-e29b-41d4-a716-446655440004', 5, 'Expert Music Production Guidance', 'Priya is an excellent producer! Her insights on mixing and arrangement were invaluable. Will definitely work with her again.', now() - interval '6 days');

-- Insert sample messages
INSERT INTO public.messages (id, sender_id, recipient_id, content, message_type, created_at) VALUES
('b50e8400-e29b-41d4-a716-446655440001', '550e8400-e29b-41d4-a716-446655440001', '550e8400-e29b-41d4-a716-446655440002', 'Hi Priya! I loved your latest guitar work. Would you be interested in collaborating on my upcoming album?', 'text', now() - interval '2 days'),
('b50e8400-e29b-41d4-a716-446655440002', '550e8400-e29b-41d4-a716-446655440002', '550e8400-e29b-41d4-a716-446655440001', 'Absolutely! Your vocal style would be perfect for what I have in mind. Lets schedule a call to discuss.', 'text', now() - interval '2 days'),
('b50e8400-e29b-41d4-a716-446655440003', '550e8400-e29b-41d4-a716-446655440003', '550e8400-e29b-41d4-a716-446655440001', 'Thank you for booking our studio! We have confirmed your session for August 20th. Looking forward to working with you.', 'text', now() - interval '12 days'),
('b50e8400-e29b-41d4-a716-446655440004', '550e8400-e29b-41d4-a716-446655440005', '550e8400-e29b-41d4-a716-446655440006', 'We would love to discuss a potential record deal. Your tabla skills are exactly what were looking for our world music project.', 'text', now() - interval '1 day'),
('b50e8400-e29b-41d4-a716-446655440005', '550e8400-e29b-41d4-a716-446655440004', '550e8400-e29b-41d4-a716-446655440007', 'Hi Maya! We have an opening for a choreography instructor. Would you be interested in teaching at our academy?', 'text', now() - interval '6 hours');

-- Insert sample gigs
INSERT INTO public.gigs (id, client_id, title, description, event_type, location, event_date, duration_hours, budget_min, budget_max, required_skills, status, created_at) VALUES
('750e8400-e29b-41d4-a716-446655440001', '550e8400-e29b-41d4-a716-446655440005', 'Wedding Reception Performance', 'Looking for a classical vocalist for an intimate wedding reception in Mumbai. Traditional Indian songs preferred.', 'wedding', 'Four Seasons Hotel, Mumbai', '2024-08-15 18:00:00', 3, 15000, 25000, '["Professional attire", "Own instruments", "Classical training"]', 'open', now() - interval '7 days'),
('750e8400-e29b-41d4-a716-446655440002', '550e8400-e29b-41d4-a716-446655440003', 'Album Recording Session', 'Need session musicians for upcoming album. Guitar, bass, and drums required.', 'recording', 'Sonic Wave Studios, Delhi', '2024-08-20 10:00:00', 8, 30000, 45000, '["Studio experience", "Own instruments", "Flexibility with timing"]', 'open', now() - interval '5 days'),
('750e8400-e29b-41d4-a716-446655440003', '550e8400-e29b-41d4-a716-446655440001', 'Corporate Event Entertainment', 'Annual company celebration needs live music performance. Mix of popular and classical songs.', 'corporate', 'Taj Palace, New Delhi', '2024-08-25 19:30:00', 2, 20000, 30000, '["Interactive performance", "Diverse repertoire", "Professional setup"]', 'open', now() - interval '3 days'),
('750e8400-e29b-41d4-a716-446655440004', '550e8400-e29b-41d4-a716-446655440004', 'Music Video Shoot', 'Looking for musicians and dancers for an upcoming music video. Great exposure opportunity!', 'video', 'Film City, Mumbai', '2024-09-01 09:00:00', 12, 10000, 20000, '["Camera comfortable", "Own costumes", "Availability for retakes"]', 'open', now() - interval '10 days');

-- Insert sample collaborations
INSERT INTO public.collaborations (id, creator_id, title, description, collaboration_type, location, deadline, max_participants, status, created_at) VALUES
('850e8400-e29b-41d4-a716-446655440001', '550e8400-e29b-41d4-a716-446655440001', 'Indo-Fusion Album Project', 'Creating an album that blends Indian classical with contemporary genres. Looking for instrumentalists and producers.', 'album', 'Mumbai, Maharashtra', '2024-12-31 23:59:59', 5, 'open', now() - interval '12 days'),
('850e8400-e29b-41d4-a716-446655440002', '550e8400-e29b-41d4-a716-446655440002', 'Monthly Jam Sessions', 'Regular jam sessions for musicians to collaborate and network. All levels welcome!', 'jam_session', 'Bangalore, Karnataka', NULL, 10, 'open', now() - interval '8 days'),
('850e8400-e29b-41d4-a716-446655440003', '550e8400-e29b-41d4-a716-446655440003', 'Podcast Music Series', 'Creating background music for a popular podcast series. Need composers and sound designers.', 'project', 'Remote', '2024-10-15 23:59:59', 3, 'open', now() - interval '6 days');

-- Insert sample marketplace listings
INSERT INTO public.marketplace (id, seller_id, title, description, category, price, condition, location, status, tags, images, created_at) VALUES
('d50e8400-e29b-41d4-a716-446655440001', '550e8400-e29b-41d4-a716-446655440002', 'Fender Stratocaster Electric Guitar', 'Excellent condition Fender Stratocaster. Perfect for studio recordings and live performances.', 'instrument', 75000, 'excellent', 'Bangalore, Karnataka', 'available', '["guitar", "fender", "electric"]', '["https://images.unsplash.com/photo-1564186763535-ebb21ef5277f"]', now() - interval '5 days'),
('d50e8400-e29b-41d4-a716-446655440002', '550e8400-e29b-41d4-a716-446655440003', 'Audio-Technica AT2020 Microphone', 'Professional studio condenser microphone. Barely used, comes with original packaging.', 'equipment', 12000, 'good', 'Delhi', 'available', '["microphone", "studio", "audio-technica"]', '["https://images.unsplash.com/photo-1583394838336-acd977736f90"]', now() - interval '8 days'),
('d50e8400-e29b-41d4-a716-446655440003', '550e8400-e29b-41d4-a716-446655440001', 'Tabla Set - Professional Grade', 'Handcrafted tabla set made by renowned tabla maker. Rich, resonant sound quality.', 'instrument', 35000, 'good', 'Mumbai, Maharashtra', 'available', '["tabla", "percussion", "indian-classical"]', '["https://images.unsplash.com/photo-1578662996442-48f60103fc96"]', now() - interval '12 days'),
('d50e8400-e29b-41d4-a716-446655440004', '550e8400-e29b-41d4-a716-446655440004', 'Yamaha P-125 Digital Piano', 'Excellent digital piano for students and professionals. 88 weighted keys, great touch response.', 'instrument', 45000, 'excellent', 'Chennai, Tamil Nadu', 'available', '["piano", "yamaha", "digital"]', '["https://images.unsplash.com/photo-1520523839897-bd0b52f945a0"]', now() - interval '20 days');